DISTRICT,YEAR,MONTH,DAY_OF_WEEK,HOUR,Median Age,White Alone,Black / African American,Hispanic,Asian Alone,Other Races,Less than High School,High School Graduate,Some College,Bachelor's Degree or more,Poverty rate,AIRCRAFT,ARSON,ASSAULT,ASSEMBLY OR GATHERING VIOLATIONS,AUTO THEFT,BALLISTICS,BIOLOGICAL THREAT,BOMB HOAX,BURGLARY,CONFIDENCE GAMES,COUNTERFEITING,DISORDERLY CONDUCT,DRUG VIOLATION,EMBEZZLEMENT,EVADING FARE,EXPLOSIVES,FIRE RELATED REPORTS,FIREARM DISCOVERY / VIOLATIONS,FRAUD,GAMBLING,HARASSMENT,HARBOR RELATED INCIDENTS,HOME INVASION,HOMICIDE,HUMAN TRAFFICKING,INVESTIGATE PERSON,INVESTIGATE PROPERTY,LANDLORD/TENANT DISPUTES,LARCENY,LICENSE PLATE RELATED INCIDENTS,LICENSE VIOLATION,LIQUOR VIOLATION,MANSLAUGHTER,MEDICAL ASSISTANCE,MISSING PERSON REPORTED / LOCATED,MOTOR VEHICLE ACCIDENT RESPONSE,OFFENSES AGAINST CHILD / FAMILY,OPERATING UNDER THE INFLUENCE,OTHER,PHONE CALL COMPLAINTS,POLICE SERVICE INCIDENTS,PRISONER RELATED INCIDENTS,PROPERTY LOST / FOUND,PROPERTY RELATED DAMAGE,PROSTITUTION,RESTRAINING ORDER VIOLATIONS,ROBBERY,SEARCH WARRANTS,SERVICE,TOWED,VANDALISM,VERBAL DISPUTES,VIOLATIONS,WARRANT ARRESTS
A1,2015,9.185894119675806,3.9977582341783067,12.467149508535954,32.66126999515269,0.7149094037809015,0.02715799806107611,0.06029195346582646,0.17263555501696556,0.024779568589432865,0.10650890693165294,0.07675266602035871,0.09491594764905478,0.7219315559864277,0.1655352399418323,0.0,0.07270964614638875,13.596703829374697,1.187590887057683,1.9389238972370335,0.024236548715462918,0.0,0.048473097430925836,2.060106640814348,1.3572467280659235,0.58167716917111,2.90838584585555,10.033931168201649,0.290838584585555,0.41202132816286957,0.0,0.4847309743092584,0.9209888511875909,3.005332040717402,0.0,0.6059137178865729,0.024236548715462918,0.0,0.024236548715462918,0.0,4.798836645661658,4.459524963645177,0.1211827435773146,27.07222491517208,0.1211827435773146,2.1570528356761995,0.6543868153174988,0.0,5.404750363548231,0.896752302472128,10.349006301502666,0.048473097430925836,0.1211827435773146,8.337372758119244,0.0,3.829374697043141,0.19389238972370335,11.173048957828405,0.2423654871546292,0.16965584100824044,0.2666020358700921,2.593310712554532,0.3877847794474067,0.048473097430925836,4.726126999515269,5.3078041686863795,0.5574406204556471,1.6238487639360155,5.3078041686863795
A1,2016,6.5460436918574265,4.044214487300094,12.437754782063342,32.11583452211127,0.7124388017118403,0.02645397051830718,0.060894127436994766,0.17692299096528769,0.023588064669519737,0.09300449358059915,0.08151557299096529,0.09557995720399429,0.7302348074179743,0.16025841654778888,0.0,0.07132667617689016,19.424631478839753,1.2125534950071326,2.4488825487398955,0.1902044698050404,0.0,0.14265335235378032,3.185924869234427,3.8040893961008084,1.2838801711840226,3.257251545411317,14.455539705183071,0.3804089396100808,0.4041844983357109,0.0,1.0699001426533523,1.1412268188302426,5.801236329053733,0.0,1.854493580599144,0.07132667617689016,0.0,0.02377555872563005,0.0,9.533999048977652,10.199714693295293,0.16642891107941035,41.41702330004755,0.0475511174512601,5.349500713266762,0.5943889681407514,0.0,13.552068473609129,1.4503090822634332,15.287684260580125,0.07132667617689016,0.23775558725630053,12.054208273894437,0.07132667617689016,3.9467427484545885,0.2139800285306705,15.929624346172137,0.49928673323823114,0.3090822634331907,0.6894912030432715,3.8516405135520686,0.26153114598193056,0.0475511174512601,8.773181169757489,8.464098906324299,1.307655729909653,1.6880646695197337,11.222063718497385
A1,2017,6.707127734650671,4.110091743119266,12.365661861074706,32.26615391808491,0.7038498223302787,0.02812282588367309,0.07299829343557135,0.1725916401720591,0.022437418178417805,0.09945118758182159,0.07484608191509258,0.09053992893211146,0.7347518000748083,0.1531658874135029,0.0,0.023377594913035347,19.263138208341125,1.3792780998690854,3.0624649336076306,0.09351037965214139,0.046755189826070694,0.07013278473910604,3.413128857303161,3.132597718346737,0.8649710117823078,4.114456704694221,10.847204039648402,0.42079670843463624,0.5143070880867776,0.0,1.145502150738732,0.8883486066953432,5.119693285954741,0.0,2.6650458200860294,0.23377594913035346,0.023377594913035347,0.07013278473910604,0.0,12.016083785300168,11.15111277351786,0.1402655694782121,40.16270806059473,0.07013278473910604,3.413128857303161,0.6545726575649897,0.0,15.77987656629886,1.3792780998690854,17.34617542547223,0.11688797456517673,0.3506639236955302,13.184963530951936,0.0,0.537684682999813,0.32728632878249486,18.44492238638489,0.6078174677389191,0.7247054423040957,0.8415934168692725,4.161211894520291,0.3974191135216009,0.11688797456517673,9.35103796521414,7.4574527772582755,2.0104731625210395,1.0987469609126614,12.647278847952123
A1,2018,6.546260045332784,4.057284154131465,12.550072120337935,33.4359711237815,0.6916670728342836,0.029577478388817365,0.07679432591502668,0.17399096468640796,0.028185143461467724,0.09993553430200479,0.07944010943535038,0.0892317684384771,0.7313925878241678,0.14871303108331801,0.0,0.0,22.16295751333456,1.195512231009748,2.0691557844399484,0.09196247930844215,0.0,0.2758874379253265,3.4945742137208016,3.5865366930292444,0.8966341732573111,3.1037336766599224,9.587088467905096,0.298878057752437,0.3678499172337686,0.0,0.9196247930844216,1.448409049107964,6.920176567960271,0.0,2.184108883575501,0.1839249586168843,0.0,0.04598123965422107,0.0,10.092882104101527,9.656060327386426,0.06897185948133162,40.049659738826556,0.20691557844399486,3.5635460732021333,0.5287842560235424,0.0,16.001471399668937,1.4943902887621852,16.553246275519587,0.04598123965422107,0.16093433878977376,12.299981607504138,0.0,3.5175648335479126,0.298878057752437,17.95567408497333,0.3678499172337686,0.0,0.6897185948133162,3.6784991723376863,0.2528968180982159,0.09196247930844215,8.345594997241125,7.816810741217583,1.5173809085892955,1.4713996689350743,7.586904542946478
A1,2019,6.734545454545454,4.036363636363636,12.659144385026737,33.56094132311527,0.7012283135589308,0.03132101472692858,0.07225619777480263,0.16778994506255485,0.027557314990074324,0.08401567332994783,0.07651611190619084,0.08967499192096394,0.7499460089561886,0.14138137666774386,0.0,0.023082960158810766,23.082960158810767,0.90023544619362,2.6083744979456167,0.1384977609528646,0.023082960158810766,0.04616592031762153,2.7930381792161025,2.262130095563455,0.9233184063524307,1.6158072111167536,8.1482849360602,0.18466368127048613,0.392410322699783,0.0,0.8309865657171875,1.1541480079405382,6.209316282720096,0.0,2.10054937445178,0.18466368127048613,0.0,0.023082960158810766,0.0,10.364249111306034,9.210101103365496,0.1384977609528646,37.509810258067496,0.16158072111167537,5.193666035732423,1.2464798485757815,0.0,17.058307557361154,1.384977609528646,17.82004524260191,0.0,0.1384977609528646,10.248834310511981,0.0,2.9084529800101566,0.3462444023821615,18.350953326254558,0.46165920317621534,0.023082960158810766,0.0,3.0007848206453995,0.23082960158810767,0.09233184063524306,6.855639167166797,6.486311804625825,2.585291537786806,2.262130095563455,3.32394626286875
A1,2020,6.480576809888169,3.959093584461448,12.603884638022366,33.876674236168455,0.6778022502064409,0.032403034682080924,0.06442888109000826,0.18733854252683735,0.03817475227085053,0.08705132122213048,0.06513734516928159,0.08260988852188275,0.7484544797687862,0.15198620974401322,0.04128819157720892,0.12386457473162674,12.551610239471511,0.04128819157720892,2.1882741535920727,0.22708505367464907,0.0,0.06193228736581337,3.1172584640792733,0.9289843104872006,0.47481420313790257,0.8670520231213873,6.502890173410405,0.06193228736581337,0.3096614368290669,0.04128819157720892,0.9289843104872006,0.6606110652353427,5.862923203963666,0.0,1.1147811725846408,0.08257638315441784,0.0,0.0,0.0,7.82411230388109,4.273327828241123,0.16515276630883569,24.73162675474814,0.06193228736581337,2.1469859620148637,0.8876961189099918,0.0,9.083402146985962,0.5780346820809249,8.876961189099918,0.02064409578860446,0.12386457473162674,4.975227085053675,0.02064409578860446,0.16515276630883569,0.08257638315441784,8.298926507018992,0.3509496284062758,0.02064409578860446,0.14450867052023122,2.2502064409578857,0.04128819157720892,0.08257638315441784,5.388109000825764,6.874483897605285,1.5895953757225434,2.766308835672998,0.6193228736581338
A15,2015,9.14726368159204,3.8945273631840798,13.091542288557214,34.0,0.696,0.086,0.11,0.087,0.02,0.0899,0.159,0.131,0.62,0.203,0.0,0.05537711817477018,3.1564957359619004,0.05537711817477018,1.1075423634954036,0.16613135452431055,0.0,0.05537711817477018,1.2182965998449442,0.44301694539816144,0.2768855908738509,0.3876398272233913,4.2086609812825335,0.0,0.16613135452431055,0.0,0.49839406357293164,0.6645254180972422,0.8306567726215528,0.0,0.3322627090486211,0.0,0.0,0.0,0.0,3.654889799534832,0.8860338907963229,0.11075423634954036,7.918927898992137,0.0,0.05537711817477018,0.11075423634954036,0.0,3.7102669177096024,1.2182965998449442,7.808173662642596,0.11075423634954036,0.16613135452431055,2.4919703178646584,0.0,1.1075423634954036,0.05537711817477018,1.8828220179421864,0.22150847269908072,0.0,0.11075423634954036,0.9414110089710932,0.0,0.16613135452431055,2.4919703178646584,4.319415217632074,0.9414110089710932,0.8860338907963229,0.6645254180972422
A15,2016,6.615961435457954,3.869844670594537,13.206748794858061,34.0,0.706,0.084,0.115,0.076,0.018,0.092,0.156,0.126,0.626,0.19,0.0,0.054603035928797644,5.296494485093372,0.0,1.4742819700775363,0.16380910778639293,0.0,0.16380910778639293,1.2558698263623458,0.92825161078956,0.10920607185759529,0.9828546467183575,5.023479305449383,0.10920607185759529,0.054603035928797644,0.0,0.5460303592879764,0.43682428743038115,2.1841214371519055,0.0,1.3104728622911435,0.10920607185759529,0.0,0.0,0.0,6.661570383313312,3.057770012012668,0.054603035928797644,16.107895598995306,0.054603035928797644,0.21841214371519058,0.0,0.0,6.9891885988860984,1.528885006006334,13.486949874413018,0.2730151796439882,0.21841214371519058,3.822212515015835,0.0,3.1123730479414653,0.21841214371519058,4.422845910232609,0.6006333952167741,0.0,0.6552364311455717,0.9828546467183575,0.43682428743038115,0.054603035928797644,5.460303592879764,7.0437916348148955,2.5117396527246916,1.0920607185759528,2.6755487605110844
A15,2017,6.567607003891051,3.8497081712062258,13.32636186770428,35.0,0.732,0.058,0.118,0.072,0.02,0.099,0.147,0.119,0.635,0.18,0.0,0.05290725358446643,6.401777683720438,0.10581450716893286,2.5395481720543884,0.2116290143378657,0.0,0.0,2.5395481720543884,1.2697740860271942,0.4232580286757314,0.370350775091265,4.3383947939262475,0.05290725358446643,0.15872176075339928,0.0,1.0052378181048622,0.370350775091265,1.9575683826252581,0.0,1.7988466218718586,0.2116290143378657,0.0,0.0,0.0,8.941325855774826,3.862229511666049,0.10581450716893286,13.120998888947675,0.10581450716893286,0.15872176075339928,0.05290725358446643,0.0,7.8302735305010325,1.5343103539495264,12.009946563673878,0.2116290143378657,0.10581450716893286,5.608168879953442,0.0,3.4918787365747845,0.10581450716893286,5.02618909052431,0.31744352150679855,0.0,0.5819797894291308,1.1639595788582615,0.10581450716893286,0.10581450716893286,6.877942965980636,6.243055922967039,3.544785990159251,1.3755885931961274,2.380826411300989
A15,2018,6.403031887088343,3.7809722948248825,13.324621014113957,35.0,0.732,0.052,0.118,0.08,0.019,0.084,0.136,0.108,0.672,0.18,0.0,0.0,7.674873802410631,0.051509220150406924,1.184712063459359,0.15452766045122077,0.0,0.0,1.2362212836097661,0.9786751828577316,0.25754610075203466,0.6181106418048831,5.614504996394355,0.0,0.051509220150406924,0.0,0.7726383022561037,0.7726383022561037,1.9573503657154632,0.0,1.9573503657154632,0.051509220150406924,0.0,0.051509220150406924,0.0,7.932419903162666,3.6056454105284845,0.30905532090244153,9.01411352632121,0.15452766045122077,0.30905532090244153,0.051509220150406924,0.0,8.962604306170805,1.9573503657154632,13.495415679406614,0.25754610075203466,0.10301844030081385,4.635829813536623,0.10301844030081385,2.8330071082723807,0.051509220150406924,3.554136190378078,0.30905532090244153,0.0,0.4120737612032554,1.8028227052642423,0.5150922015040693,0.2060368806016277,4.9448851344390645,4.4813021530854025,2.781497888121974,1.2877305037601732,1.0816936231585452
A15,2019,6.538251366120218,3.846448087431694,13.23224043715847,35.7,0.739,0.051,0.111,0.08100000000000002,0.019,0.079,0.137,0.11,0.674,0.144,0.0,0.0,7.239819004524887,0.1508295625942685,1.4077425842131723,0.0,0.0,0.0,0.603318250377074,0.5530417295123178,0.2513826043237808,0.1508295625942685,2.8154851684263447,0.301659125188537,0.10055304172951231,0.050276520864756154,0.5027652086475616,0.3519356460532931,2.7652086475615887,0.0,1.9607843137254901,0.050276520864756154,0.0,0.0,0.0,7.139265962795374,3.117144293614882,0.10055304172951231,11.261940673705379,0.0,0.3519356460532931,0.0,0.0,7.6923076923076925,0.8547008547008547,15.384615384615385,0.0,0.0,4.625439919557567,0.0,1.3574660633484161,0.050276520864756154,3.770739064856712,0.10055304172951231,0.0,0.0,0.20110608345902461,0.2513826043237808,0.10055304172951231,4.424333836098542,4.374057315233786,4.022121669180493,1.3071895424836601,0.301659125188537
A15,2020,6.6692307692307695,3.71474358974359,12.37948717948718,35.7,0.713,0.05199999999999999,0.109,0.086,0.041,0.087,0.09000000000000001,0.10499999999999998,0.669,0.134,0.0,0.05230125523012552,3.8702928870292888,0.10460251046025104,1.2552301255230125,0.05230125523012552,0.0,0.0,1.9351464435146444,0.3661087866108787,0.10460251046025104,0.10460251046025104,1.7259414225941423,0.0,0.05230125523012552,0.10460251046025104,0.4707112970711297,0.6276150627615062,6.433054393305439,0.0,1.2552301255230125,0.10460251046025104,0.0,0.05230125523012552,0.0,6.014644351464435,3.4518828451882846,0.2615062761506276,13.807531380753138,0.15690376569037656,0.20920502092050208,0.0,0.0,5.857740585774059,1.202928870292887,9.93723849372385,0.0,0.2615062761506276,1.9874476987447698,0.0,0.3661087866108787,0.05230125523012552,2.196652719665272,0.5753138075313807,0.0,0.3661087866108787,0.5753138075313807,0.20920502092050208,0.3661087866108787,3.4518828451882846,3.7656903765690375,1.6213389121338913,1.202928870292887,0.05230125523012552
A7,2015,9.148837209302325,3.966173361522199,12.980549682875264,34.0,0.32,0.024,0.579,0.036,0.041,0.3215,0.31,0.164,0.205,0.203,0.06668296694747605,0.04445531129831737,3.9565227055502454,0.1555935895441108,1.266976372002045,0.11113827824579342,0.0,0.04445531129831737,1.68930182933606,0.422325457334015,0.11113827824579342,0.4445531129831737,4.534441752428371,0.06668296694747605,0.06668296694747605,0.0,0.3111871790882216,0.6001467025272845,0.5334637355798084,0.0,0.4445531129831737,0.022227655649158684,0.0,0.022227655649158684,0.0,3.000733512636422,0.6890573251239192,0.08891062259663474,5.023450176709862,0.20004890084242813,0.3111871790882216,0.08891062259663474,0.0,3.912067394251928,1.17806574940541,5.245726733201449,0.1333659338949521,0.2445042121407455,3.089644135233057,0.0,0.8668785703171886,0.04445531129831737,1.9338060414768055,0.17782124519326947,0.022227655649158684,0.2445042121407455,1.17806574940541,0.2445042121407455,0.11113827824579342,1.822667763231012,2.7784569561448356,1.7782124519326947,1.9782613527751227,1.266976372002045
A7,2016,6.544799176107106,3.985581874356334,13.133882595262616,34.0,0.32,0.026,0.577,0.034,0.043000000000000003,0.326,0.31,0.14099999999999996,0.223,0.192,0.06492382271468145,0.02164127423822715,6.384175900277008,0.10820637119113573,1.5148891966759004,0.06492382271468145,0.0,0.0432825484764543,2.0775623268698062,0.47610803324099726,0.3462603878116344,0.5626731301939059,5.5185249307479225,0.0,0.1298476454293629,0.0,0.735803324099723,0.32461911357340717,1.21191135734072,0.0,1.7313019390581716,0.21641274238227146,0.0,0.0865650969529086,0.0,6.232686980609419,1.8178670360110802,0.3462603878116344,6.9684903047091415,0.32461911357340717,0.6275969529085872,0.0865650969529086,0.0,7.336391966759003,2.7051592797783934,8.65650969529086,0.1298476454293629,0.38954293628808867,5.215547091412742,0.0,1.146987534626039,0.02164127423822715,1.752943213296399,0.15148891966759,0.0,0.41118421052631576,1.146987534626039,0.15148891966759,0.10820637119113573,3.6357340720221605,6.102839335180056,3.073060941828255,1.8827908587257618,2.0126385041551247
A7,2017,6.59359795134443,3.9574903969270165,13.075800256081946,34.0,0.326,0.026,0.574,0.038,0.037,0.314,0.316,0.142,0.228,0.203,0.3643768084878362,0.042867859822098384,6.151537884471118,0.06430178973314758,1.4789411638623942,0.12860357946629516,0.0,0.0,1.9719215518165254,0.34294287857678707,0.30007501875468867,0.8359232665309184,4.136748472832494,0.12860357946629516,0.08573571964419677,0.021433929911049192,0.6644518272425249,0.5787161075983283,1.3074697245740008,0.0,1.3932054442181974,0.2143392991104919,0.042867859822098384,0.08573571964419677,0.0,6.044368234915872,2.7864108884363947,0.25720715893259033,6.08723609473797,0.25720715893259033,0.49298038795413135,0.12860357946629516,0.0,9.066552352373808,1.8861858321723288,9.02368449255171,0.15003750937734434,0.17147143928839353,4.908369949630265,0.0,0.1929053691994427,0.021433929911049192,2.6363733790590507,0.32150894866573787,0.0,0.5787161075983283,1.2003000750187547,0.021433929911049192,0.15003750937734434,3.5151645054120673,5.122709248740756,3.815239524166756,1.7147143928839352,2.807844818347444
A7,2018,6.320650675489385,3.9528535980148884,13.017369727047146,34.0,0.332,0.027,0.564,0.048,0.029,0.298,0.295,0.145,0.262,0.19299999999999998,0.29833571291580535,0.0,6.05195303343491,0.06392908133910116,1.4490591770196264,0.17047755023760308,0.0,0.0,1.6621561148166302,0.3622647942549066,0.29833571291580535,0.5114326507128093,3.7291964114475675,0.08523877511880154,0.08523877511880154,0.021309693779700385,0.46881326315340843,0.6179811196113112,2.003111215291836,0.0,1.2998913205617235,0.19178724401730346,0.021309693779700385,0.021309693779700385,0.0,4.240629062160377,2.045730602851237,0.27702601913610503,6.62731476548682,0.34095510047520616,0.5540520382722101,0.12785816267820233,0.0,9.37626526306817,1.555607645918128,8.886142306135062,0.17047755023760308,0.4475035693737081,3.7718157990069683,0.0,0.7458392822895135,0.0,2.663711722462548,0.3196454066955058,0.0,0.3196454066955058,1.704775502376031,0.08523877511880154,0.17047755023760308,3.7505061052272675,4.091461205702474,3.2390734545144584,1.1507234641038209,1.214652545442922
A7,2019,6.50958904109589,3.9494672754946727,13.069406392694065,30.6,0.339,0.025,0.565,0.04599999999999999,0.026,0.272,0.286,0.153,0.289,0.16,0.31737299790533824,0.0,5.7550303620168,0.042316399720711766,1.248333791760997,0.042316399720711766,0.0,0.021158199860355883,1.5022321900852675,0.4231639972071176,0.1269491991621353,0.1269491991621353,3.448786577238008,0.042316399720711766,0.042316399720711766,0.0,0.46548039692782933,0.35968939762605,1.5233903899456234,0.0,1.417599390643844,0.29621479804498235,0.0,0.021158199860355883,0.0,4.041216173327973,2.1581363857563,0.19042379874320292,6.2416689588049845,0.23274019846391467,0.5501131963692528,0.021158199860355883,0.021158199860355883,7.828533948331676,1.1425427924592175,8.06127414679559,0.0,0.14810739902249118,2.3274019846391467,0.0,1.057909993017794,0.021158199860355883,3.173729979053382,0.2115819986035588,0.0,0.0,1.0155935932970823,0.2115819986035588,0.14810739902249118,4.189323572350465,3.7661595751433468,2.9198315807291113,0.888644394134947,0.35968939762605
A7,2020,6.685880829015544,3.963082901554404,13.18199481865285,30.6,0.36600000000000005,0.033,0.504,0.045000000000000005,0.053,0.253,0.151,0.167,0.301,0.159,0.2089815631820926,0.0,4.504713695258441,0.1161008684344959,1.5325314633353457,0.1161008684344959,0.0,0.0,1.69507267914364,0.510843821111782,0.13932104212139507,0.2322017368689918,2.9257418845492964,0.023220173686899177,0.0928806947475967,0.0,0.510843821111782,0.13932104212139507,3.2043839687920865,0.0,1.161008684344959,0.1857613894951934,0.0,0.023220173686899177,0.0,5.1548785584916175,2.8328611898017,0.3715227789903868,8.916546695769284,0.06966052106069753,0.39474295267728604,0.0,0.0,5.340639947986811,1.1145683369711605,6.3391074165234755,0.0,0.04644034737379835,2.6935401476803045,0.0,0.34830260530348767,0.0,3.134723447731389,0.2322017368689918,0.0,0.4411833000510844,1.184228858031858,0.023220173686899177,0.13932104212139507,3.0650629266706915,5.36386012167371,1.2306692054056565,0.9984674685366646,0.1161008684344959
B2,2015,9.166787702735416,3.9278625030259016,13.217017671266037,30.056773929083832,0.23379467103914736,0.41273312837330056,0.25098335724533716,0.06822609824417572,0.03426274509803922,0.21713366126938577,0.2587374461979914,0.2228311675889868,0.301520543827287,0.3727533647605384,0.0,0.0,10.111361617817858,1.6670082667213229,2.0905923344947737,0.5055680808908929,0.0,0.0546560087449614,3.2383685181389628,0.7515201202432192,0.4372480699596912,1.0657921705267472,5.738880918220947,0.0546560087449614,0.0819840131174421,0.01366400218624035,0.7651841224294597,1.5030402404864385,2.0769283323085332,0.01366400218624035,0.7378561180569788,0.0,0.0,0.17763202842112455,0.0,5.096672815467651,3.2930245268839244,0.5192320830771333,12.338593974175035,0.17763202842112455,0.06832001093120176,0.9154881464781034,0.0,6.24444899911184,3.6209605793536923,12.283937965430074,0.3279360524697684,0.2186240349798456,8.294049327047892,0.0,1.6260162601626016,0.0819840131174421,3.962560634009701,0.15030402404864385,0.0,0.5738880918220947,2.104256336681014,0.4645760743321719,0.0819840131174421,1.516704242672679,6.340097014415522,5.151328824212611,3.4979845596775294,2.855776456924233
B2,2016,6.45044612216884,3.9017158544955386,13.348936170212767,29.057652572015073,0.22922839547854743,0.41037365457074565,0.2547120207435818,0.07322207516847408,0.03183784623279809,0.21576293435250582,0.2569292071252043,0.22597073480357072,0.3018062987021757,0.36295004524153585,0.0,0.10803948843302227,16.557051602360666,2.282334193147596,4.119005496508974,1.1074047564384784,0.0,0.05401974421651114,4.807757235269491,1.4855429659540562,0.9048307156265615,1.5260577741164396,9.75056383108026,0.05401974421651114,0.18906910475778896,0.02700987210825557,1.1614245006549893,2.3093440652558512,2.9710859319081124,0.0,3.3357192053695623,0.0,0.12154442448715005,0.2430888489743001,0.0,10.72291922697746,7.414209893716153,0.5672073142733669,16.69210096290194,0.21607897686604455,0.14855429659540562,1.6070873904412062,0.013504936054127784,13.005253420125056,6.752468027063892,21.351303901576028,0.3916431455697057,0.29710859319081123,13.140302780666334,0.013504936054127784,1.1479195646008615,0.10803948843302227,6.887517387605169,0.32411846529906685,0.040514808162383356,1.2154442448715004,3.956946263859441,0.931840587734817,0.13504936054127784,2.903561251637474,9.980147744000432,12.478560914014073,5.064351020297918,6.144745904628142
B2,2017,6.492399565689468,3.933699782844734,13.420874049945711,29.76727973699151,0.22423628513711563,0.40074023950672705,0.2626456911234635,0.07634912000422503,0.03602866422846882,0.2074948573390195,0.25505026472491055,0.21799786107553573,0.31915604906323025,0.34625356817491654,0.0,0.10562589947055019,16.319201468200003,1.5183723048891589,4.145816554219095,1.2543075562127834,0.0,0.026406474867637548,3.485654682528156,1.0826654695731392,0.7789910085953076,1.623998204359709,8.832965843224759,0.07921942460291263,0.13203237433818774,0.013203237433818774,0.9770395701025891,1.9936888525066347,3.485654682528156,0.0,3.300809358454693,0.0,0.052812949735275096,0.2376582738087379,0.013203237433818774,13.044798584612947,7.050528789659225,0.6205521593894823,16.794518015817477,0.19804856150728156,0.26406474867637547,2.482208637557929,0.0,14.52356117720065,5.756611521144984,21.257212268448225,0.31687769841165053,0.21125179894110038,12.595888511863109,0.0,0.3828938855807444,0.10562589947055019,6.56200900460793,0.290471223544013,0.0,1.3203237433818773,2.8651025231386735,1.0166492824040456,0.1452356117720065,4.238239216255826,9.611956851820066,13.506911894796605,3.9345647552779943,6.007473032387542
B2,2018,6.677039586919105,3.90671256454389,13.184991394148021,29.313980407287758,0.22211756935270804,0.3905097505787567,0.2775032894306603,0.07491062950416573,0.03581488941496528,0.20958571484625343,0.24454136311913882,0.2234238330041723,0.32244908903043545,0.3733456845024,0.0,0.05231698863413422,17.382319473691094,0.9547850425729495,3.6883476987064623,0.9286265482558824,0.0,0.06539623579266778,3.544475979962593,1.2556077272192212,0.5754868749754765,1.1117360084753523,9.953307087644037,0.06539623579266778,0.22234720169507044,0.02615849431706711,0.9678642897314831,2.262709758426305,3.3875250140601905,0.0,3.1520985652065865,0.02615849431706711,0.06539623579266778,0.22234720169507044,0.0,9.717880638790431,5.767947996913297,0.47085289770720795,16.47985141975228,0.20926795453653688,0.28774343748773823,2.066521051048302,0.0,15.08037197378919,6.55270282642531,19.932772669605136,0.35313967328040596,0.1961887073780033,12.58223576650928,0.0,1.5956681533410937,0.1961887073780033,9.09007677518082,0.3269811789633389,0.22234720169507044,1.203290738585087,2.2234720169507045,0.8893888067802818,0.10463397726826844,4.329230809474607,8.35763893430294,12.58223576650928,3.792981675974731,5.454046065108492
B2,2019,6.360235125903567,3.9132576058463737,13.180792755580269,31.101475981169862,0.21933524929126894,0.39262393040131083,0.2696904210772712,0.07900293895810034,0.03957355197794481,0.20333480714712998,0.24741203932481987,0.22095261255169182,0.327665804052121,0.3275911467138287,0.0,0.052016957528154176,14.239642123332207,0.37712294207911784,2.418788525059169,0.6762204478660043,0.0,0.013004239382038544,3.1860386485994434,0.8972925173606596,0.4681526177533876,0.3251059845509636,8.14065385315613,0.039012718146115635,0.15605087258446254,0.013004239382038544,0.9493094748888138,1.625529922754818,3.39410647871206,0.0,3.3030768030377904,0.0,0.0,0.06502119691019273,0.0,9.844209212203179,5.734869567478998,0.7672501235402742,12.848188509454081,0.2340763088766938,0.16905511196650108,3.029987776014981,0.0,13.160290254623007,6.463106972873157,22.05518999193737,0.0,0.27308902702280946,9.324039636921636,0.0,1.3004239382038545,0.14304663320242397,7.347395250851777,0.3121017451689251,0.27308902702280946,0.0,1.5214960076985098,0.5851907721917344,0.18205935134853962,3.810242138937294,7.009285026918776,7.95859450180759,4.01830996904991,1.5475044864625869
B2,2020,6.430003894080997,3.898072429906542,13.074182242990654,31.286437239065123,0.21749446590450922,0.33282238870030045,0.26695401043089206,0.10626966847451455,0.07717356640264283,0.18485693290153082,0.21947904067007423,0.2271354845422503,0.34561767268849086,0.30979795023866186,0.05202439944333893,0.1300609986083473,8.93519060439346,0.09104269902584312,3.6677201607553944,0.9754574895626048,0.0,0.0390182995825042,2.367110174671921,0.5982805935983976,0.18208539805168625,0.2601219972166946,3.7587628597812373,0.013006099860834732,0.09104269902584312,0.0390182995825042,0.923433090119266,1.404658784970151,4.513116651709652,0.0,2.41913457411526,0.0,0.0,0.1560731983300168,0.0,8.701080806898435,6.503049930417366,0.9364391899801007,12.472849766540508,0.39018299582504196,0.19509149791252098,0.2991402967991988,0.0,6.9062390261032425,7.621574518449153,18.9108691976537,0.05202439944333893,0.1690792981908515,5.241458243916397,0.0,0.5852744937375629,0.09104269902584312,5.410537542107248,0.19509149791252098,0.06503049930417365,0.5202439944333892,1.599750282882672,0.3251524965208683,0.22110369763419044,3.7067384603378986,6.76317192763406,2.861341969383641,3.953854357693758,0.14306709846918206
B3,2015,9.210275229357798,3.8996330275229356,13.28605504587156,38.0,0.061,0.737,0.159,0.023,0.019,0.2128,0.337,0.29,0.16,0.221,0.0,0.041206527113894845,19.202241635074994,0.041206527113894845,5.768913795945278,1.6482610845557937,0.0,0.0,9.02422943794297,2.596011208175375,1.0301631778473712,1.2361958134168451,10.54887094115708,0.08241305422778969,0.08241305422778969,0.0,1.1537827591890555,3.5025548046810617,3.7910004944783258,0.0,2.4311850997197957,0.0,0.0,0.28844568979726387,0.0,11.537827591890556,6.345805175539805,1.7718806658974782,14.669523652546564,0.37085874402505353,0.37085874402505353,0.28844568979726387,0.0,12.897642986649084,13.02126256799077,21.880665897478163,0.7829240151640019,0.49447832536673814,16.15295862864678,0.08241305422778969,2.596011208175375,0.16482610845557938,7.9940662600955985,0.32965221691115876,0.0,1.9367067743530575,4.821163672325697,1.6482610845557937,0.4120652711389484,1.524641503214109,14.628317125432668,13.392121312015822,6.840283500906543,5.1508158892368545
B3,2016,6.633134976858411,3.972135638046661,13.438367809577784,37.0,0.072,0.729,0.159,0.016,0.024,0.195,0.33,0.297,0.178,0.22399999999999998,0.0,0.15508684863523572,34.700682382134,0.38771712158808935,8.839950372208436,1.744727047146402,0.0,0.03877171215880893,10.390818858560793,3.3731389578163773,1.667183622828784,2.248759305210918,14.035359801488834,0.03877171215880893,0.542803970223325,0.0,2.4813895781637716,4.962779156327543,6.55241935483871,0.0,6.668734491315136,0.0,0.19385856079404468,0.4652605459057072,0.03877171215880893,31.63771712158809,17.447270471464023,3.2568238213399505,22.17741935483871,0.8142059553349876,0.6978908188585607,0.5040322580645161,0.0,26.4810794044665,31.44385856079404,39.702233250620345,1.3570099255583126,0.9305210918114144,22.875310173697272,0.07754342431761786,3.489454094292804,0.07754342431761786,13.608870967741936,1.2406947890818858,0.07754342431761786,3.489454094292804,6.358560794044665,2.4813895781637716,0.4652605459057072,5.234181141439206,22.914081885856078,36.79435483870968,7.676799007444169,7.63802729528536
B3,2017,6.582665695557174,3.9211580480699197,13.458940276766205,37.0,0.068,0.73,0.153,0.018,0.031000000000000003,0.176,0.341,0.315,0.168,0.20700000000000002,0.0,0.156335495974361,35.605409208160715,0.19541936996795123,7.855858672711639,2.6186195575705464,0.0,0.0,8.207613538653952,2.6186195575705464,1.3288517157820685,2.6186195575705464,15.711717345423278,0.2735871179551317,0.7035097318846244,0.03908387399359025,3.1267099194872197,4.338310013288518,6.722426326897522,0.0,7.660439302743687,0.0,0.19541936996795123,0.46900648792308297,0.03908387399359025,33.02587352458376,20.20636285468616,3.9865551473462046,23.84116313609005,0.9380129758461659,0.5862581099038537,0.5080903619166731,0.03908387399359025,29.312905495192684,24.427421245993905,41.507074181192834,1.4070194637692488,0.312670991948722,25.36543422184007,0.03908387399359025,1.8369420776987415,0.46900648792308297,17.822246541077153,0.7035097318846244,0.03908387399359025,3.24396154146799,5.667161729070585,2.696787305557727,0.46900648792308297,9.53646525443602,23.88024701008364,39.201125615571016,8.012194168686,9.731884624403971
B3,2018,6.485781775233942,3.9168710820387025,13.348959752884529,37.0,0.064,0.72,0.16,0.02,0.036,0.155,0.351,0.304,0.19,0.202,0.0,0.07642338555598012,33.62628964463126,0.1146350783339702,7.336645013374093,2.1016431027894535,0.0,0.07642338555598012,5.57890714558655,2.292701566679404,1.222774168895682,1.3374092472296522,24.226213221245704,0.2292701566679404,0.3439052350019106,0.03821169277799006,3.018723729461215,4.126862820022928,9.514711501719527,0.0,6.534199465036301,0.0,0.03821169277799006,0.8024455483377914,0.0,28.696981276270538,21.169277799006498,4.738249904470768,25.066870462361482,0.8406572411157814,0.7260221627818112,3.018723729461215,0.0,31.715705005731753,22.086358425678256,36.9124952235384,0.611387084447841,0.3439052350019106,25.754680932365304,0.03821169277799006,6.457776079480321,0.573175391669851,18.685517768437144,0.8024455483377914,0.0,3.477264042797096,4.317921283912877,1.7577378677875428,0.26748184944593045,10.317157050057318,19.411539931218954,35.804356132976686,8.903324417271685,5.46427206725258
B3,2019,6.3949078512836905,3.9435389368275273,13.189304357089592,36.7,0.060000000000000005,0.744,0.141,0.019,0.036,0.145,0.344,0.306,0.205,0.201,0.0,0.11253235305150232,34.3973892494092,0.3751078435050077,5.8891931430286215,1.6504745114220338,0.0,0.0,6.676919614389137,1.7630068644735362,1.5379421583705315,0.7127049026595146,13.841479425334784,0.07502156870100153,0.3000862748040061,0.0,2.5132225514835516,2.9258411793390597,7.577178438801155,0.0,6.977005889193143,0.0,0.037510784350500766,0.3375970591545069,0.0,30.046138264751118,15.416932368055816,2.288157845380547,27.908023556772573,0.9752803931130201,0.48764019655651003,2.0255823549270415,0.0,24.644585318279002,13.541393150530778,41.261862785550846,0.0,0.6376833339585131,16.954874526426348,0.0,4.276229415957087,0.11253235305150232,13.016242169623768,0.45012941220600927,0.0,0.0,4.8764019655651,1.612963727071533,0.26257549045350537,7.652200007502157,17.742600997786866,24.532052965227503,6.33932255523463,1.2003450992160245
B3,2020,6.598254466112096,4.045138415382517,12.928814946133915,36.7,0.062,0.683,0.17099999999999999,0.021000000000000005,0.063,0.155,0.304,0.325,0.201,0.163,0.0,0.12587060501804145,21.104304774691617,0.041956868339347156,7.720063774439876,2.685239573718218,0.0,0.0,4.447428043970798,1.2167491818410674,0.7971804984475959,0.7552236301082488,7.845934379457917,0.0,0.2517412100360829,0.33565494671477725,2.685239573718218,2.8530670470756063,9.6081228497105,0.0,4.908953595703617,0.0,0.0,0.7971804984475959,0.0,25.090207266929596,19.677771251153814,3.104808257111689,21.901485273139215,1.2167491818410674,0.29369807837543005,0.16782747335738862,0.0,15.817739363933876,10.195519006461357,41.956868339347146,0.12587060501804145,0.4615255517328187,10.61508768985483,0.041956868339347156,0.8391373667869431,0.041956868339347156,8.139632457833347,0.7552236301082488,0.0,2.0139296802886633,3.062851388772342,0.41956868339347153,0.5034824200721658,11.622052529999161,16.9086179407569,11.118570109926996,13.13249979021566,0.08391373667869431
C11,2015,9.176853423882287,3.9117147707979627,13.157470288624788,33.0,0.221,0.441,0.163,0.106,0.068,0.2097,0.305,0.239,0.246,0.229,0.0,0.008032838242736305,4.201174400951087,0.09639405891283567,1.2209914128959185,0.20082095606840764,0.0,0.008032838242736305,1.7511587369165147,0.8354151772445758,0.578364353477014,0.40164191213681527,3.903959385969845,0.04016419121368153,0.06426270594189044,0.008032838242736305,0.3855762356513427,0.6506598976616408,1.0362361333129835,0.0,0.48197029456417834,0.0,0.0,0.01606567648547261,0.0,2.8918217673850704,1.0924660010121376,0.2570508237675618,4.361831165805815,0.1285254118837809,0.10442689715557198,0.10442689715557198,0.0,3.9441235771835266,2.128702134325121,6.096924226236856,0.1526239266119898,0.1445910883692535,3.8075653270570093,0.0,0.8193495007591032,0.04016419121368153,1.7993557663729325,0.1285254118837809,0.17672244134019874,0.4498389415932331,1.1727943834395007,0.1526239266119898,0.09639405891283567,1.237057089381391,3.2532994883082043,2.570508237675618,2.024275237169549,1.7511587369165147
C11,2016,6.511311873671424,3.9596112966899484,13.247418767081689,33.0,0.222,0.445,0.175,0.099,0.058,0.202,0.31,0.23599999999999996,0.252,0.23599999999999996,0.0,0.01601768352260896,7.640435040284474,0.07207957585174032,2.0342458073713376,0.6647338661882719,0.0,0.024026525283913438,2.8431388252630905,1.0892024795374093,0.7768576508465346,0.5285835562460958,5.798401435184444,0.040044208806522395,0.11212378465826271,0.024026525283913438,0.6407073409043583,1.0491582707308869,1.922122022713075,0.0,1.1052201630600182,0.00800884176130448,0.01601768352260896,0.10411494289695823,0.0,6.863577389437939,2.9552626099213533,0.44849513863305085,7.9768063942592615,0.2322564110778299,0.2562829363617434,0.07207957585174032,0.01601768352260896,7.824638400794478,3.9723855136070223,12.061315692524548,0.18420336051000302,0.17619451874869854,6.254905415578799,0.0,0.8329195431756659,0.08809725937434927,4.012429722413544,0.27230061988435234,0.10411494289695823,0.9930963784017556,1.4736268840800242,0.32035367045217916,0.09610610113565375,2.5548205218561293,6.439108776088802,6.6233121365988055,2.3866348448687353,3.4918550079287534
C11,2017,6.433338377723971,3.960124092009685,13.377648305084746,33.0,0.215,0.454,0.181,0.094,0.056,0.196,0.31399999999999995,0.234,0.257,0.239,0.0,0.023819543141162552,7.582554566603413,0.07145862942348766,2.040540862426259,0.6431276648113889,0.0,0.0,2.14375888270463,0.7463456850897601,0.4843307105369719,0.4684510151095302,4.930645430220649,0.11115786799209192,0.047639086282325105,0.007939847713720851,0.587548730815343,0.8892629439367353,1.5085710656069617,0.015879695427441703,1.5006312178932408,0.007939847713720851,0.06351878170976681,0.11909771570581276,0.007939847713720851,7.495216241752483,3.9778637045741463,0.3652329948311591,7.820749998015039,0.46051116739580933,0.13497741113325445,0.06351878170976681,0.0,8.154223601991314,3.969923856860426,12.028869286287089,0.20643604055674214,0.1746766497018587,5.383216749902737,0.0,0.38111269025860084,0.07145862942348766,4.9544649733618105,0.23819543141162552,0.15879695427441703,0.8336840099406894,1.5482703041755659,0.38111269025860084,0.08733832485092935,3.5252923848920577,5.7802091355887795,7.058524617497837,2.064360405567421,3.612630709742987
C11,2018,6.6080313574914005,3.912327013838893,12.962163026957843,33.0,0.214,0.455,0.186,0.09900000000000002,0.04599999999999999,0.19100000000000003,0.302,0.23199999999999998,0.275,0.228,0.0,0.023721790837062925,7.812376449006058,0.055350845286480155,2.024259484762703,0.3479195989435896,0.0,0.007907263612354309,1.9056505305773883,0.8777062609713282,0.4665285531289042,0.4902503439659672,3.471288725823541,0.06325810889883447,0.06325810889883447,0.0,0.7116537251118877,0.6958391978871792,1.3916783957743584,0.0,1.0674805876678317,0.007907263612354309,0.03953631806177154,0.06325810889883447,0.0,5.535084528648016,3.716413897806525,0.411177707842424,8.571473755792072,0.4586212895165499,0.1660525358594405,0.03953631806177154,0.0,8.595195546629133,4.586212895165499,11.72647193712144,0.13442348141002325,0.14233074502237755,6.088592981512818,0.0,1.0042224787689973,0.11070169057296031,4.633656476839625,0.2530324355953379,0.07907263612354308,0.6325810889883446,1.4470292410608385,0.2451251719829836,0.07116537251118878,2.925687536571094,5.590435373934497,6.673730488827037,1.5181946135720272,1.9056505305773883
C11,2019,6.410444982312418,3.922267734127723,12.916030534351146,33.4,0.223,0.44000000000000006,0.19899999999999998,0.099,0.04,0.18,0.299,0.229,0.293,0.222,0.0,0.015759323609830667,6.800148137641933,0.070916956244238,1.9620357894239178,0.3624644430261053,0.0,0.015759323609830667,1.5995713463978127,0.59097463536865,0.307306810391698,0.12607458887864534,3.2464206636251176,0.06303729443932267,0.07879661804915333,0.015759323609830667,0.43338139927034336,0.6461322680030573,1.512895066543744,0.0,1.5207747283486592,0.0,0.0,0.023638985414746,0.0,6.540119298079726,4.168341094800211,0.42550173746542796,9.589548416581959,0.2915474867818673,0.26002883956220596,0.0,0.0,6.808027799446847,3.104586751136641,10.818775658148752,0.007879661804915334,0.08667627985406867,3.5852461212364766,0.007879661804915334,0.6303729443932267,0.031518647219661335,2.9233545296235883,0.23638985414746,0.015759323609830667,0.0,0.898281445760348,0.14971357429339133,0.12607458887864534,2.6160477192318905,3.813756313579021,5.050863216950728,1.0007170492242472,0.4885390319047506
C11,2020,6.586230248306998,3.9451467268623026,12.746162528216704,33.4,0.224,0.35,0.207,0.109,0.11,0.167,0.215,0.235,0.307,0.212,0.0,0.008183908798520349,4.001931402476451,0.016367817597040698,2.037793290831567,0.35190807833637505,0.0,0.0,1.2275863197780525,0.5565057982993837,0.12275863197780523,0.13912644957484593,2.2751266459886574,0.0491034527911221,0.07365517918668316,0.040919543992601747,0.5728736158964245,0.4255632575230582,2.8480002618850815,0.0,0.8674943326431571,0.032735635194081396,0.0,0.07365517918668316,0.0,5.245885539851544,3.7809658649164013,0.43374716632157856,8.470345606468562,0.27825289914969187,0.2700689903511715,0.0,0.0,4.7057475591492,1.6449656685025902,10.753656161255739,0.0,0.13912644957484593,2.692505994713195,0.0,0.13094254077632558,0.008183908798520349,1.898666841256721,0.26188508155265117,0.0,0.31098853434377327,1.0148046910165234,0.09002299678372384,0.1145747231792849,2.6434025419220726,3.682758959334157,1.8741151148611601,1.129379414195808,0.040919543992601747
C6,2015,9.122927086075283,3.825217162411161,12.648591734667018,32.14859041586626,0.7818291885156534,0.04925107730647422,0.0978676600384196,0.04930912206012148,0.021668656871398163,0.09928712943253207,0.19105638336534966,0.13206235397954416,0.5785678313690878,0.16753034629562327,0.0,0.0,6.489798037485074,0.12979596074970146,2.3363272934946266,0.10383676859976118,0.0,0.0,1.946939411245522,1.4277555682467162,0.4153470743990447,0.9085717252479103,9.007839676029281,0.15575515289964179,0.12979596074970146,0.0,0.38938788224910437,0.7528165723482685,0.9864493016977312,0.0,0.7787757644982087,0.07787757644982089,0.0,0.025959192149940295,0.0,5.451430351487462,1.869061834795701,0.12979596074970146,14.355433258916982,0.2595919214994029,0.88261253309797,0.10383676859976118,0.0,6.931104304034059,1.1162452624474326,10.64326878147552,0.20767353719952236,0.20767353719952236,6.308083692435492,0.025959192149940295,1.9209802190955818,0.12979596074970146,4.41306266548985,0.3374694979492238,0.2595919214994029,0.3374694979492238,1.0902860702974924,0.05191838429988059,0.07787757644982089,5.088001661388297,5.425471159337522,1.4537147603966565,1.2720004153470743,2.206531332744925
C6,2016,6.445017182130584,4.007497656982193,13.032489846922836,32.080016594497884,0.7741608629138902,0.054959369409080305,0.10159867244016907,0.050201078642362645,0.019,0.0859187388181606,0.17259867244016905,0.13287935281458244,0.6086032359270879,0.1620381414162367,0.0,0.10371561179246505,10.864210335260715,0.2592890294811626,3.3448284803069983,0.33707573832551146,0.0,0.1296445147405813,2.644748100707859,2.437316877122929,0.5704358648585578,2.4113879741748123,9.282547255425623,0.2592890294811626,0.2074312235849301,0.025928902948116263,1.0371561179246505,1.0371561179246505,3.3707573832551145,0.0,2.4891746830191614,0.23336012653304639,0.025928902948116263,0.025928902948116263,0.0,10.449347888090855,5.1079938807789045,0.3111468353773952,18.876241346228642,0.4407913501179765,1.6594497886794408,0.4148624471698602,0.0,14.36461223325641,2.15209894469365,17.294578266393547,0.3111468353773952,0.051857805896232526,10.138201052713459,0.0,1.452018565094511,0.18150232063681387,8.193533331604739,0.2852179324292789,0.0,0.6482225737029066,2.022454429953069,0.3111468353773952,0.1555734176886976,10.086343246817227,9.152902740685041,3.7596909274768584,1.452018565094511,5.62657193974123
C6,2017,6.5340550293189,4.02255299954894,13.097729664712073,32.086823855755895,0.7738202496532595,0.0598743411927878,0.10214091539528433,0.04764355062413315,0.016434119278779472,0.0858355062413315,0.15492538141470183,0.12744022191400833,0.6318857142857143,0.15362302357836338,0.0,0.0,11.247005421762704,0.17652250661959398,3.53045013239188,0.6304375236414071,0.0,0.0,4.513932669272475,1.941747572815534,0.5800025217500946,1.1095700416088765,9.809607867860295,0.3026100113478754,0.27739251040221913,0.0,0.7060900264783759,1.0339175387719075,2.395662589837347,0.0,2.64783759929391,0.37826251418484425,0.05043500189131257,0.10087000378262514,0.0,13.415710503089144,5.346110200479132,0.07565250283696885,20.02269575085109,0.35304501323918797,1.9165300718698777,0.3278275122935317,0.0,14.172235531458831,2.219140083217753,18.358340688437778,0.42869751607615686,0.17652250661959398,7.010465262892447,0.0,0.6304375236414071,0.17652250661959398,9.002647837599294,0.7565250283696885,0.025217500945656286,0.42869751607615686,1.664355062413315,0.4034800151305006,0.12608750472828142,10.238305383936451,8.599167822468795,3.8582776446854115,0.8321775312066575,5.724372714663977
C6,2018,6.582903780068729,3.952749140893471,12.902491408934708,32.19266700150678,0.774238674033149,0.060242993470617776,0.09864198895027625,0.048238674033149166,0.018637669512807632,0.07767865394274234,0.14952265193370168,0.12355499748869914,0.6491473631341034,0.1439446509291813,0.0,0.0,12.782521346057257,0.25113008538422904,4.67101958814666,0.6529382219989955,0.0,0.050226017076845805,3.4907081868407834,1.55700652938222,0.8287292817679558,1.1049723756906078,13.360120542440985,0.3515821195379207,0.17579105976896034,0.025113008538422903,0.9542943244600703,0.8538422903063787,3.1642390758412855,0.0,2.134605725765947,0.30135610246107486,0.050226017076845805,0.10045203415369161,0.0,8.714213962832748,5.826217980914113,0.10045203415369161,23.631341034655954,0.25113008538422904,1.6574585635359116,0.15067805123053743,0.0,13.41034655951783,2.7373179306880964,18.43294826720241,0.3515821195379207,0.15067805123053743,8.186840783525867,0.10045203415369161,1.808136614766449,0.17579105976896034,8.538422903063788,0.5524861878453039,0.0,0.5524861878453039,1.481667503766951,0.25113008538422904,0.12556504269211452,11.376192867905576,8.111501757910597,5.2737317930688095,1.531893520843797,5.047714716223004
C6,2019,6.472076048209132,3.9949074859955864,12.693770157867935,32.17802792956891,0.7689506982392229,0.05225731633272617,0.10223142683667273,0.06038428658166364,0.0162832058287796,0.07279783849423195,0.13455222829386762,0.117791985428051,0.6749648816029143,0.13223142683667274,0.0,0.024286581663630843,12.313296903460838,0.024286581663630843,3.2058287795992713,0.17000607164541592,0.0,0.07285974499089254,2.5500910746812386,1.0686095931997572,0.6557377049180327,0.48573163327261687,9.301760777170614,0.24286581663630843,0.14571948998178508,0.0,0.8500303582270795,0.8257437765634488,2.7443837279902854,0.0,2.477231329690346,0.2671523982999393,0.0,0.0,0.0,8.840315725561627,4.590163934426229,0.048573163327261686,16.854887674559805,0.24286581663630843,1.72434729811779,0.12143290831815422,0.0,10.224650880388586,1.530054644808743,18.894960534304797,0.048573163327261686,0.2185792349726776,5.561627200971463,0.0,1.3600485731633274,0.19429265330904674,6.994535519125683,0.5585913782635094,0.048573163327261686,0.0,1.7972070431086826,0.29143897996357016,0.14571948998178508,8.961748633879782,6.703096539162113,4.590163934426229,1.1171827565270187,1.2871888281724349
C6,2020,6.799347158218126,4.013824884792626,12.235407066052227,32.233488136840165,0.7686413233400773,0.038589088651830056,0.09709982527128931,0.05897620470847894,0.03669355802832445,0.05491932591502668,0.09445850193121208,0.10863900128747471,0.7124747562994298,0.11163435718226963,0.0,0.04598123965422107,7.26503586536693,0.20691557844399486,3.1267242964870334,0.298878057752437,0.0,0.06897185948133162,2.8738274783888174,1.3104653301453006,0.5057936361964318,0.3218686775795475,3.9543866102630125,0.06897185948133162,0.06897185948133162,0.022990619827110537,0.7127092146404267,0.5287842560235424,5.494758138679418,0.0,1.9542026853043957,0.16093433878977376,0.0,0.022990619827110537,0.0,7.356998344675373,3.885414750781681,0.1149530991355527,19.31212065477285,0.1839249586168843,1.1725216111826373,0.0,0.0,6.345411072282508,1.4254184292808534,15.932499540187603,0.022990619827110537,0.1839249586168843,3.356630494758139,0.0,0.3448592974066581,0.13794371896266325,5.10391760161854,0.5287842560235424,0.13794371896266325,0.2758874379253265,1.4943902887621852,0.1839249586168843,0.20691557844399486,6.78223284899761,6.069523634357182,1.8852308258230641,1.9771933051315063,0.16093433878977376
D14,2015,9.165268716992856,3.937247592420006,12.691208449829139,29.829480667565043,0.640907536021561,0.04597470716284856,0.1206799004871981,0.15738944749663109,0.03475577899865243,0.09209306520161709,0.14331792267026017,0.1415368508344563,0.6231936353270446,0.2599472374831554,0.0,0.0,3.0209243436153357,0.14808452664781058,0.9921663285403308,0.1036591686534674,0.0,0.059233810659124225,3.4207525655644244,0.8292733492277392,0.08885071598868634,0.22212678997171584,1.3475691924950761,0.11846762131824845,0.11846762131824845,0.014808452664781056,0.3850197692843075,0.4146366746138696,0.8292733492277392,0.0,0.48867893793777484,0.0,0.0,0.014808452664781056,0.0,2.339735521035407,0.6811888225799286,0.1332760739830295,6.234358571872825,0.04442535799434317,0.28136060063084006,0.19250988464215374,0.0,3.405944112899643,1.4512283611485435,6.30840083519673,0.19250988464215374,0.1036591686534674,2.5470538583423417,0.029616905329562113,0.1628929793125916,0.029616905329562113,2.4582031423536552,0.1036591686534674,0.0,0.17770143197737268,0.7256141805742717,0.08885071598868634,0.059233810659124225,3.1245835122688033,2.162034089058034,0.7256141805742717,0.7552310859038339,0.533104295932118
D14,2016,6.640087660148348,3.9895482130815916,12.83951449763992,27.866450463084703,0.634811099424431,0.04740064861074591,0.10895113506880533,0.17200324305372952,0.036833873842288256,0.0855993513892541,0.1261987027785082,0.1357166126157712,0.6524853332164666,0.2509055131913402,0.0,0.014608350132935986,4.747713793204196,0.45285885412101556,1.4316183130277267,0.07304175066467994,0.0,0.07304175066467994,5.054489145995851,1.1540596605019429,0.46746720425395155,0.4090338037222076,2.7609781751249014,0.08765010079761591,0.27755865252578377,0.0,0.7596342069126713,0.2045169018611038,2.045169018611038,0.0,1.9283022175475502,0.0,0.043825050398807956,0.0,0.014608350132935986,5.5949981009144825,2.6148946737955416,0.1022584509305519,9.919069740263536,0.2191252519940398,0.8180676074444152,0.16069185146229584,0.0,6.7636661115493615,1.6507435650217663,10.956262599701988,0.058433400531743944,0.08765010079761591,3.111578578315365,0.029216700265871972,0.3944254535892716,0.058433400531743944,4.470155140678411,0.4966839045198236,0.27755865252578377,0.4382505039880796,0.6719841061150553,0.35060040319046365,0.1022584509305519,6.486107459023578,4.645455342273644,2.264294270605078,0.7304175066467993,1.183276360767815
D14,2017,6.680602819640253,3.996110841030627,12.889158969372874,28.183546972508015,0.6206076910102885,0.04889871816495194,0.11616453027491987,0.17478475853151176,0.03881645302749199,0.08182913082588406,0.11774686568842413,0.13164558385337607,0.6687784196323155,0.22948091302636758,0.0,0.042165626581210994,5.186372069488953,0.15460729746444032,1.2930792151571373,0.028110417720807333,0.0,0.028110417720807333,2.9515938606847696,0.9557542025074492,0.9698094113678529,0.5200427278349357,2.6986001011975036,0.15460729746444032,0.21082813290605498,0.0,0.6887052341597797,0.33732501264968795,1.925563613875302,0.0,1.3774104683195594,0.0,0.014055208860403666,0.0,0.042165626581210994,5.397200202395007,3.3732501264968797,0.11244167088322933,9.852701411142968,0.16866250632484397,0.9698094113678529,0.25299375948726593,0.0,7.125990892224658,2.5158823860122563,10.963062911114859,0.11244167088322933,0.15460729746444032,3.401360544217687,0.0,0.33732501264968795,0.042165626581210994,4.033844942935851,0.4497666835329173,0.35138022151009163,0.21082813290605498,0.6043739809973576,0.33732501264968795,0.09838646202282565,7.196266936526677,5.073930398605723,2.009894867037724,0.9135885759262382,1.0963062911114858
D14,2018,6.60621139327385,3.996225120109815,12.828586135895677,28.207480887261763,0.6241858511898353,0.04064173037579412,0.12181180682674707,0.1755680924948853,0.03779251911273823,0.0723956740605147,0.11258386723376762,0.1307732313987294,0.6839830542694089,0.21075745665984708,0.0,0.026919349628512973,4.549370087218692,0.14805642295682137,1.0094756110692367,0.09421772369979542,0.0,0.040379024442769466,1.9247334984386777,0.47108861849897704,0.4441692688704641,0.3499515451706687,2.7053946376655538,0.08075804888553893,0.16151609777107787,0.0,0.6595240658985679,0.3499515451706687,2.3554430924948857,0.0,1.1709917088403146,0.0,0.013459674814256486,0.026919349628512973,0.0,5.343490901259826,3.5533541509637128,0.3499515451706687,9.058361149994617,0.21535479702810378,0.8075804888553892,0.10767739851405189,0.0,7.631635619683428,1.574781953268009,9.852481964035748,0.16151609777107787,0.08075804888553893,3.5129751265209435,0.053838699257025946,0.8210401636696457,0.013459674814256486,3.809087972434586,0.5249273177560031,0.026919349628512973,0.28265317109938626,0.49800796812749004,0.22881447184236028,0.06729837407128243,5.451168299773878,3.7417895983633036,2.126628620652525,1.022935285883493,0.9421772369979541
D14,2019,6.538406445837063,4.005371530886302,12.898478066248881,29.947491885511955,0.6148329890823252,0.046616701091767486,0.12435836529949836,0.17435025081144878,0.039841693714960165,0.06389997049277073,0.10663322514015931,0.13309161994688698,0.6963751844201829,0.1996419297727943,0.0,0.0,5.110115614689235,0.14753614635585718,0.9656911397837925,0.08047426164864938,0.0,0.0,2.3739907186351563,0.48284556989189625,0.4560208160090131,0.3218970465945975,1.3948872019099223,0.09388663859009094,0.12071139247297406,0.0,0.5633198315405455,0.214598031063065,2.5081144880495723,0.0,1.2473510555540652,0.0,0.0,0.0,0.0,4.7077443064459885,3.2994447275946244,0.20118565412162343,8.422972719225301,0.1743609002387403,0.6840312240135197,0.05364950776576625,0.0,6.276992408594651,1.6094852329729874,10.38117975267577,0.0,0.3084846696531559,2.910485796292819,0.0,0.643794093189195,0.06706188470720782,3.5408675125405726,0.46943319295045466,0.0,0.0,0.4560208160090131,0.1072990155315325,0.08047426164864938,5.163765122455001,3.366506612301832,2.6154135035811046,1.408299578851364,0.16094852329729875
D14,2020,6.677879497551629,3.932510112837982,12.775601447732596,29.57260464451404,0.5876235656456706,0.048487751946043586,0.11229844966277241,0.1944744187859807,0.05685968993255448,0.0638418604046731,0.103213798391184,0.11744542631024937,0.7170601551636756,0.2041024807994698,0.0,0.025990565424750818,2.71601408688646,0.06497641356187704,1.3515094020870424,0.051981130849501636,0.0,0.0,2.0792452339800653,0.4678301776455147,0.3118867850970098,0.22091980611038192,0.6237735701940196,0.051981130849501636,0.038985848137126224,0.012995282712375409,0.701745266468272,0.1819339579732557,3.8725942482878715,0.0,0.7407311146053982,0.0,0.0,0.0,0.0,5.172122519525413,2.8589621967225898,0.23391508882275736,9.005730919676157,0.07797169627425245,0.350872633234136,0.012995282712375409,0.0,4.431391404920014,0.7407311146053982,7.316344167067355,0.0,0.1949292406856311,1.8583254278696832,0.012995282712375409,0.2988915023846344,0.0,2.4041273017894507,0.37686319865888684,0.0,0.07797169627425245,0.4158490467960131,0.051981130849501636,0.1559433925485049,3.443749918779483,2.5990565424750813,0.8187028108796507,0.6757547010435212,0.025990565424750818
D4,2015,9.20043072505384,3.932089016511127,13.155348169418522,29.81896594092495,0.6219334422765027,0.0755389000835504,0.11658751904457659,0.15733696613751413,0.0287829655477466,0.07457640438393866,0.08566503661473435,0.11169351747186318,0.727963544994348,0.2707907185334447,0.012286823610360249,0.012286823610360249,5.8239543913107585,0.20887600137612425,1.7078684818400747,0.19658917776576398,0.0,0.024573647220720498,3.6123261414459136,1.3024033026981865,0.44232564997296897,0.7003489457905343,3.833488966432398,0.147441883324323,0.19658917776576398,0.012286823610360249,0.2580232958175652,0.5037597680247702,1.8553103651643976,0.0,0.5774807096869318,0.0,0.0,0.061434118051801254,0.0,3.157713667862584,1.7938762471125964,0.061434118051801254,22.07942202781737,0.061434118051801254,0.3194574138693665,0.45461247358332924,0.0,3.6860470831080745,1.0689536541013418,6.942055339853541,0.13515505971396274,0.18430235415540375,4.263527792795006,0.012286823610360249,0.7986435346734162,0.012286823610360249,4.853295326092299,0.294883766648646,0.024573647220720498,0.294883766648646,1.3024033026981865,0.0737209416621615,0.049147294441440996,4.202093674743205,3.636899788666634,1.228682361036025,0.9706590652184598,2.1256204845923232
D4,2016,6.567123520898953,3.970801055588661,13.26440793394058,29.463884098802612,0.6210921477667404,0.07089082651252035,0.11921514099045491,0.1581039273310179,0.031089901148811112,0.07546836519078037,0.08974157821873557,0.11124920457581425,0.7231532193427732,0.26682857698005974,0.0,0.036431642095548056,9.532946348335075,0.23073373327180433,2.3680567362106237,0.14572656838219222,0.0,0.04857552279406407,3.0966895781215844,2.2587618099239792,0.7164889612124451,1.37225851893231,6.885580356058583,0.24287761397032034,0.24287761397032034,0.0,0.7650644840065091,0.6071940349258009,3.0359701746290044,0.0,1.7001432977922426,0.0,0.04857552279406407,0.012143880698516017,0.0,7.4927743909843825,4.2746460058776385,0.08500716488961213,33.34709639812498,0.04857552279406407,1.3358268768367618,0.5707623928302529,0.0,7.529206033079931,2.453063901100236,10.650183372598548,0.1335826876836762,0.19430209117625627,6.776285429771938,0.012143880698516017,0.8014961261020571,0.14572656838219222,8.755737983630048,0.4128919437495446,0.14572656838219222,0.3764603016539966,2.4287761397032037,0.17001432977922426,0.060719403492580086,6.630558861389746,6.169091394846137,2.477351662497268,1.5058412066159863,4.323221528671702
D4,2017,6.523239800309864,3.961783439490446,12.93217421242899,29.83749124544159,0.6185504624821889,0.0679419180331828,0.11566913806844253,0.16585913009877556,0.0319793513174101,0.07512640374815852,0.09143391214045934,0.09922124278503634,0.7343858526336128,0.26232994421233125,0.0,0.036225758929649576,9.877556934817784,0.1449030357185983,2.3546743304272226,0.13282778274204846,0.0,0.024150505953099716,3.006737991160915,1.7388364286231797,0.7969666964522907,1.70261066969353,5.928949211485981,0.19320404762479773,0.1449030357185983,0.0,0.6279131547805926,0.6037626488274929,2.922211220325066,0.0,1.5094066220687323,0.012075252976549858,0.024150505953099716,0.04830101190619943,0.0,8.247397782983553,4.781800178713745,0.04830101190619943,30.538314777694595,0.2052793006013476,1.0022459970536384,0.5071606250150941,0.012075252976549858,8.778708913951748,2.487502113169271,10.143212500301882,0.10867727678894873,0.169053541671698,6.581012872219673,0.012075252976549858,0.2656555654840969,0.09660202381239887,8.48890284251455,0.37433284227304564,0.084526770835849,0.6520636607336924,2.0165672470838265,0.169053541671698,0.036225758929649576,7.595334122249861,6.315357306735576,2.3305238244741227,0.9780954911005385,5.433863839447437
D4,2018,6.568954799751355,4.004351300950182,13.02459817067756,30.406825815738962,0.5976196857005758,0.08105235124760077,0.11685854126679464,0.1657924784069098,0.038882533589251436,0.07714918426103647,0.09255250719769673,0.10507719529750481,0.7248239083493282,0.26810033589251436,0.0,0.05998080614203455,10.880518234165068,0.14395393474088292,2.29126679462572,0.131957773512476,0.0,0.05998080614203455,3.166986564299424,2.027351247600768,0.8877159309021113,1.1756238003838773,4.246641074856046,0.2519193857965451,0.19193857965451055,0.0,0.539827255278311,0.43186180422264875,3.1190019193857963,0.0,1.4995201535508638,0.0,0.0,0.0,0.0,6.585892514395394,4.402591170825335,0.131957773512476,31.02207293666027,0.05998080614203455,1.2955854126679462,0.3718809980806142,0.0,8.817178502879079,1.9673704414587332,9.309021113243762,0.08397312859884837,0.15595009596928983,6.993761996161228,0.04798464491362764,1.3075815738963532,0.15595009596928983,9.380998080614205,0.5158349328214971,0.0,0.41986564299424184,1.4995201535508638,0.09596928982725528,0.10796545105566219,6.465930902111324,5.158349328214971,2.7351247600767756,1.2595969289827256,3.6348368522072936
D4,2019,6.602728285077951,3.96362286562732,12.964272457312546,32.04386293429386,0.59577261071288,0.0745870018964016,0.12462153071812794,0.16662221056021373,0.038785122192669635,0.07585745977600993,0.09178417995539281,0.10720188924537531,0.7251564710232219,0.25912114308886847,0.011927054136898728,0.011927054136898728,11.187576780411007,0.035781162410696184,1.920255716040695,0.14312464964278473,0.0,0.035781162410696184,2.6358789642546188,1.4551006047016448,0.5724985985711389,0.3339575158331644,3.6616056200279092,0.2146869744641771,0.11927054136898728,0.011927054136898728,0.4055198406545567,0.393592786517658,3.7808761613968964,0.0,1.8009851746717078,0.0,0.011927054136898728,0.011927054136898728,0.0,6.9534725618119575,4.210250110325251,0.14312464964278473,28.088212492396504,0.09541643309518982,1.1330701430053791,0.10734348723208854,0.0,9.326956335054804,1.3716112257433537,12.75002087234474,0.0,0.0834893789582911,4.508426463747719,0.011927054136898728,1.2165595219636702,0.11927054136898728,9.19575873954892,0.3339575158331644,0.011927054136898728,0.0,1.6220793626182268,0.035781162410696184,0.07156232482139237,5.426809632288921,4.830456925443984,2.9459823718139857,1.31197595505886,1.5385899836599357
D4,2020,6.579423958106044,3.9003927558367883,12.562404538511892,31.608565760029524,0.589897663044732,0.07000032297506172,0.10128961635176598,0.19012115025261264,0.048917191501141946,0.07163218907882898,0.08981545435670288,0.10386559623503357,0.7408772233372551,0.26201428011165706,0.0,0.04613929453018663,7.232334417606754,0.04613929453018663,1.9032458993701986,0.12688305995801324,0.0,0.04613929453018663,3.1836113225828777,0.7266938888504395,0.3114402380787598,0.3345098853438531,3.6796087387823837,0.09227858906037326,0.08074376542782662,0.034604470897639975,0.6574849470551595,0.28837059081366645,5.2483447528087295,0.0,1.176552010519759,0.0,0.0,0.023069647265093314,0.0,6.690197706877062,3.552725678824371,0.16148753085565323,24.015502802962143,0.14995270722310655,0.6344152997900662,0.034604470897639975,0.0,5.21374028191109,1.049668950561746,8.07437654278266,0.0,0.09227858906037326,3.4489122661314506,0.0,0.5190670634645996,0.09227858906037326,6.101921701617182,0.507532239832053,0.011534823632546657,0.16148753085565323,1.3611091886405056,0.023069647265093314,0.14995270722310655,3.575795326089464,4.671603571181397,1.2803654232126789,2.1916164901838653,0.369114356241493
E13,2015,9.263275157816562,3.875232083178611,13.168585220943186,33.0,0.543,0.116,0.254,0.055,0.022,0.0809,0.15,0.137,0.632,0.183,0.0,0.025484199796126403,4.3577981651376145,0.10193679918450561,1.6309887869520898,0.4841997961264016,0.0,0.0,3.287461773700306,0.8409785932721713,0.40774719673802245,0.4841997961264016,5.428134556574924,0.05096839959225281,0.0764525993883792,0.025484199796126403,0.6116207951070336,0.8409785932721713,1.0958205912334351,0.0,0.4841997961264016,0.0,0.0,0.12742099898063203,0.0,3.1345565749235473,1.6564729867482162,0.12742099898063203,9.91335372069317,0.0764525993883792,0.10193679918450561,0.1529051987767584,0.0,3.6952089704383284,1.5545361875637105,7.568807339449542,0.05096839959225281,0.12742099898063203,4.510703363914373,0.0,0.5861365953109072,0.05096839959225281,2.9561671763506627,0.3567787971457696,0.0,0.12742099898063203,1.070336391437309,0.25484199796126406,0.05096839959225281,2.4719673802242608,3.058103975535168,1.146788990825688,2.0387359836901124,1.4271151885830784
E13,2016,6.537792894935752,3.926492819349962,13.532123960695388,33.0,0.556,0.102,0.247,0.057,0.038,0.079,0.145,0.137,0.638,0.164,0.0,0.051051664284255664,7.65774964263835,0.10210332856851133,2.9865223606289564,0.4849908107004289,0.0,0.0,4.543598121298754,1.3018174392485196,1.2507657749642638,0.7147232999795794,7.453542985501327,0.10210332856851133,0.051051664284255664,0.0,0.9444557892587299,0.7402491321217072,2.0165407392280987,0.0,1.7868082499489482,0.0,0.025525832142127832,0.051051664284255664,0.0,6.304880539105575,4.645701449867265,0.3828874821319175,19.272003267306513,0.153154992852767,0.3828874821319175,0.2297324892791505,0.0,10.108229528282623,4.875433939146416,14.804982642434144,0.17868082499489485,0.28078415356340614,7.581172146211967,0.0,0.765774964263835,0.0765774964263835,5.896467224831529,0.5105166428425567,0.025525832142127832,0.6636716356953236,2.2973248927915053,0.2297324892791505,0.0765774964263835,6.024096385542169,6.866448846232387,3.7522973248927913,2.8844190320604453,3.548090667755769
E13,2017,6.566368236667964,3.909108602569093,13.433631763332036,34.0,0.551,0.112,0.237,0.062,0.039,0.079,0.143,0.132,0.646,0.155,0.0,0.05087246273592104,8.673754896474538,0.02543623136796052,2.034898509436842,0.6867782469349342,0.0,0.0,4.222414407081446,1.1955028742941447,1.017449254718421,0.8393956351426973,6.409930304726052,0.05087246273592104,0.10174492547184208,0.0,0.9411405606145393,0.8648318665106578,2.44187821132421,0.10174492547184208,1.9331535839649998,0.0,0.05087246273592104,0.02543623136796052,0.0,6.766037543877499,4.909192654016381,0.17805361957572366,15.15999389530447,0.2797985450475658,0.25436231367960527,0.12718115683980263,0.02543623136796052,11.344559190110393,3.739126011090197,14.905631581624867,0.12718115683980263,0.3306710077834868,6.613420155669736,0.02543623136796052,0.3561072391514473,0.07630869410388157,5.188991199063946,0.534160858727171,0.0,0.4578521646232894,1.6787912702853947,0.7885231724067762,0.10174492547184208,7.834359261331841,7.122144783028947,4.5276491834969725,1.6787912702853947,3.89174339929796
E13,2018,6.48542385884158,3.8647871116225545,13.338703490602224,35.0,0.545,0.127,0.23699999999999996,0.054,0.037,0.081,0.133,0.151,0.634,0.149,0.0,0.0,8.627915002711632,0.09860474288813292,2.1200019720948577,0.3944189715525317,0.0,0.02465118572203323,3.2786077010304195,0.9120938717152295,0.6902332002169305,0.4683725287186314,6.088842873342208,0.07395355716609969,0.14790711433219939,0.0,0.5423260858847311,0.4930237144406646,2.6376768722575554,0.0,1.7502341862643591,0.0,0.02465118572203323,0.14790711433219939,0.0,7.543262830942169,4.80698121579648,0.4930237144406646,14.371641275945374,0.14790711433219939,0.2465118572203323,0.04930237144406646,0.0,12.720011832569147,2.5144209436473894,15.135828033328403,0.12325592861016615,0.07395355716609969,8.282798402603165,0.0,1.380466400433861,0.09860474288813292,6.064191687620174,0.44372134299659816,0.0,0.3944189715525317,1.3558152147118276,0.27116304294236554,0.12325592861016615,6.33535473056254,4.659074101464281,4.954888330128679,3.944189715525317,3.4758171868066854
E13,2019,6.563632532659081,3.8230088495575223,13.26527602191319,34.8,0.551,0.143,0.22000000000000003,0.049,0.037,0.08,0.121,0.15,0.65,0.128,0.0,0.024469620965571242,8.955881273399076,0.048939241931142484,1.517116499865417,0.24469620965571243,0.0,0.0,3.009763378765263,0.6851493870359948,0.6362101451048523,0.24469620965571243,4.991802676976534,0.024469620965571242,0.19575696772456994,0.0,0.8809063547605648,0.6606797660704236,2.6916583062128367,0.0,2.3001443707636966,0.0,0.0,0.048939241931142484,0.0,8.172853402500795,5.2854381285633885,0.29363545158685495,12.381628208579048,0.1712873467589987,0.2202265886901412,0.07340886289671374,0.0,14.265789022928036,2.3490836126948396,14.339197885824749,0.024469620965571242,0.12234810482785621,4.747106467320821,0.0,0.7096190080015661,0.024469620965571242,5.089681160838818,0.3425746935179974,0.0,0.0,1.1500721853818483,0.24469620965571243,0.1712873467589987,5.163090023735532,4.575819120561823,4.061957080284826,1.8352215724178433,0.5872709031737099
E13,2020,6.408384710234278,3.8799013563501847,13.364488286066585,34.8,0.537,0.114,0.218,0.073,0.057999999999999996,0.077,0.121,0.125,0.673,0.126,0.0,0.0,5.583731590753926,0.04876621476640983,1.3166877986930654,0.3413635033648688,0.0,0.024383107383204913,1.38983712084268,0.4876621476640983,0.2682141812152541,0.09753242953281965,3.7549985370135572,0.024383107383204913,0.024383107383204913,0.07314932214961475,0.5120452550473031,0.6583438993465327,5.632497805520336,0.0,1.6580513020579342,0.0,0.0,0.09753242953281965,0.0,8.704769335804155,5.096069443089828,0.292597288598459,11.191846288891057,0.12191553691602458,0.1706817516824344,0.04876621476640983,0.0,7.363698429727885,1.6824344094411392,12.362235443284892,0.07314932214961475,0.04876621476640983,2.7552911343021553,0.0,0.292597288598459,0.0,4.51087486589291,0.43889593289768847,0.0,0.1950648590656393,1.0972398322442214,0.12191553691602458,0.1950648590656393,3.6086998927143275,3.2673363893494587,2.3895445235540818,2.608992490002926,0.024383107383204913
E18,2015,9.177710843373495,3.8332078313253013,13.169051204819278,38.0,0.259,0.451,0.235,0.021,0.033,0.117,0.318,0.306,0.259,0.099,0.0,0.0,4.102852325418014,0.1405086412814388,1.4612898693269636,0.1405086412814388,0.0,0.0,3.231698749473092,1.433188141070676,0.5620345651257552,0.2248138260503021,5.170717999156948,0.16861036953772657,0.11240691302515105,0.02810172825628776,0.702543206407194,0.590136293382043,2.4167486300407477,0.02810172825628776,0.9835604889700718,0.0,0.0,0.08430518476886328,0.0,4.074750597161725,2.1919348039904456,0.25291555430658985,7.643670085710271,0.2810172825628776,0.0,0.05620345651257552,0.0,5.873261205564142,4.243360966699452,9.076858226780947,0.16861036953772657,0.16861036953772657,4.861598988337783,0.0,0.4496276521006042,0.0,2.838274553885064,0.25291555430658985,0.0,0.39342419558802866,0.7587466629197696,0.3091190108191654,0.08430518476886328,0.9835604889700718,3.709428129829985,2.2200365322467333,1.067865673738935,1.0959674019952228
E18,2016,6.551486951244184,3.8778069997976936,13.264212016993728,39.0,0.256,0.464,0.22800000000000004,0.017,0.034,0.125,0.312,0.3,0.263,0.101,0.02768319353320599,0.0,8.22190847936218,0.05536638706641198,2.657586579187775,0.16609916119923593,0.0,0.05536638706641198,3.9586966752484565,1.3287932895938874,0.6643966447969437,0.44293109653129586,6.69933283503585,0.2768319353320599,0.16609916119923593,0.02768319353320599,1.2734269025274756,0.7474462253965618,3.155884062785483,0.0,3.488082385183955,0.0,0.08304958059961796,0.05536638706641198,0.0,8.997037898291946,5.2321235777759325,0.8304958059961798,12.678902638208344,0.24914874179885393,0.13841596766602995,0.0,0.02768319353320599,14.118428701935056,5.73042106137364,16.056252249259476,0.5259806771309138,0.19378235473244193,7.723610995764472,0.0,0.38756470946488386,0.08304958059961796,5.2598067713091385,0.6090302577305318,0.02768319353320599,0.9965949671954157,1.4948924507931236,0.2768319353320599,0.16609916119923593,2.2146554826564793,7.197630318633558,8.194225285828972,2.020873127924037,1.8547739667248013
E18,2017,6.46141032759578,3.9000555247084954,13.237090505274848,39.0,0.24499999999999997,0.45500000000000007,0.249,0.018,0.033,0.118,0.294,0.304,0.284,0.113,0.0,0.026958537768911415,8.57281501051383,0.13479268884455706,1.7253464172103306,0.05391707553782283,0.0,0.026958537768911415,3.4776513721895728,1.4827195772901278,0.6200463686849625,0.9705073596808108,4.286407505256915,0.323502453226937,0.026958537768911415,0.026958537768911415,1.1861756618321022,0.6200463686849625,3.2619830700382813,0.0,3.801153825416509,0.0,0.10783415107564566,0.0,0.0,11.268668787404971,11.026041947484767,0.8896317463740767,12.077424920472312,0.37741952876475976,0.3504609909958484,0.0,0.0,14.692403084056721,4.744702647328409,18.277888607321938,0.2695853776891141,0.13479268884455706,7.871893028522132,0.0,0.323502453226937,0.0,8.357146708362539,0.4582951420714941,0.0,0.8896317463740767,1.509678115059039,0.5122122176093169,0.08087561330673425,2.534102550277673,5.6612929314713965,8.060602792904513,2.4532269369709385,2.1027659459750905
E18,2018,6.56155303030303,3.909090909090909,13.399431818181819,39.0,0.245,0.453,0.258,0.014,0.029,0.132,0.275,0.303,0.289,0.139,0.0,0.0,8.342734213080778,0.13117506624340844,1.9413909804024452,0.3672901854815437,0.0,0.05247002649736338,1.6790408479156282,1.1543405829419944,0.6034053047196789,0.6558753312170423,4.013957027048299,0.23611511923813522,0.23611511923813522,0.02623501324868169,1.1543405829419944,0.7083453577144057,3.4630217488259833,0.0,3.2531416428365296,0.0,0.05247002649736338,0.10494005299472677,0.0,10.284125193483222,9.103549597292545,0.9969305034499042,10.598945352467403,0.23611511923813522,0.20988010598945353,0.0,0.0,15.609832882965605,4.801007424508749,16.606763386415512,0.23611511923813522,0.3148201589841803,8.316499199832094,0.02623501324868169,0.7083453577144057,0.02623501324868169,7.634388855366372,0.3148201589841803,0.0,1.180575596190676,0.9969305034499042,0.5771702914709972,0.10494005299472677,2.466091245376079,6.2439331531862425,9.49707479602277,1.967625993651127,1.2855156491854027
E18,2019,6.4390822784810124,3.864517405063291,13.217958860759493,39.4,0.22400000000000003,0.46399999999999997,0.263,0.02,0.030000000000000002,0.138,0.277,0.301,0.283,0.149,0.0,0.0,7.578871647312712,0.256910903298736,2.080978316719762,0.256910903298736,0.0,0.0,1.9525228650703934,0.7964238002260816,0.385366354948104,0.5652039872572192,2.2094337683691294,0.2055287226389888,0.128455451649368,0.0,1.0533347035248175,0.7193505292364608,3.725208097831672,0.0,3.4939882848628097,0.0,0.0,0.0256910903298736,0.0,10.045216318980577,10.790257938546912,0.7450416195663344,11.432535196793753,0.1798376323091152,0.1798376323091152,0.0,0.0,12.691398622957559,4.007810091460282,17.13595725002569,0.0,0.0770732709896208,6.4227725824684,0.0256910903298736,0.7193505292364608,0.0513821806597472,6.8852122084061245,0.48813071626759835,0.0256910903298736,0.0,1.1304079745144384,0.5652039872572192,0.385366354948104,2.7232555749666014,4.932689343335731,7.733018189291953,2.774637755626349,0.4110574452779776
E18,2020,6.665294260111407,3.889561637200291,13.393315572777912,39.4,0.226,0.46,0.239,0.021,0.055,0.14,0.24,0.293,0.308,0.121,0.0,0.06058953618710049,5.059226271622891,0.18176860856130145,2.1206337665485173,0.24235814474840195,0.0,0.030294768093550244,1.5450331727710624,0.7876639704323063,0.3635372171226029,0.30294768093550245,2.362991911296919,0.2120633766548517,0.030294768093550244,0.2120633766548517,0.878548274712957,0.8179587385258567,8.48253506619407,0.0,2.6962343603259717,0.0,0.0,0.06058953618710049,0.0,11.239358962707142,8.391650761913418,1.7873913175194645,10.815232209397438,0.3635372171226029,0.18176860856130145,0.0,0.0,8.967251355690872,2.241812838922718,18.47980853706565,0.030294768093550244,0.15147384046775123,5.059226271622891,0.0,0.4847162894968039,0.06058953618710049,6.664848980581054,0.7270744342452058,0.0,0.4241267533097034,0.6967796661516555,0.09088430428065072,0.2120633766548517,1.7873913175194645,5.665121633493896,3.150655881729225,3.2718349541034266,0.06058953618710049
E5,2015,9.257356375525456,3.8477347034096216,12.819243344231667,40.601344422923546,0.6295670502449584,0.14534487866013443,0.15287193801982454,0.04629041813831605,0.026459496411074403,0.08669808590634613,0.22552033724507234,0.214324370513843,0.4733105844821693,0.10190554859291329,0.0,0.016276306580510748,1.7090121909536287,0.04882891974153225,0.781262715864516,0.016276306580510748,0.0,0.0,1.3834860593434137,0.7324337961229838,0.24414459870766125,0.2929735184491935,1.7578411106951612,0.016276306580510748,0.06510522632204299,0.0,0.2278682921271505,0.455736584254301,1.171894073796774,0.0,0.14648675922459675,0.0,0.0,0.016276306580510748,0.0,2.457722293657123,0.716157489542473,0.13021045264408598,4.11790556486922,0.08138153290255375,0.0976578394830645,0.04882891974153225,0.0,2.978564104233467,1.0254073145721772,4.638747375445564,0.04882891974153225,0.08138153290255375,2.197301388368951,0.0,0.2278682921271505,0.0,1.4485912856654568,0.17903937238561826,0.0,0.06510522632204299,0.34180243819072575,0.11393414606357526,0.04882891974153225,0.5696707303178763,1.8554989501782255,0.4882891974153225,1.2858282198603492,0.5208418105763439
E5,2016,6.491969360019768,3.8954781319495924,13.119841858166543,40.12230807697892,0.6218294429836589,0.14998364278685616,0.1573721024019616,0.04505942798148119,0.02581653788453163,0.08389922730718975,0.22149095836492394,0.205163652788308,0.48944616153957843,0.09406288009549774,0.0,0.06452549563646336,3.516639512187253,0.06452549563646336,1.0485393040925297,0.0806568695455792,0.0,0.0,1.2743785388201514,1.000145182365182,0.27423335645496927,0.5807294607281702,3.6940846251875272,0.11291961736381088,0.04839412172734752,0.0,0.5968608346372861,0.37102159990966427,1.8551079995483215,0.0,1.4356922779113097,0.0,0.04839412172734752,0.0,0.01613137390911584,4.258682712006582,1.9196334951847849,0.27423335645496927,6.081527963736672,0.06452549563646336,0.11291961736381088,0.06452549563646336,0.01613137390911584,6.968753528738042,2.032553112548596,8.598022293558742,0.06452549563646336,0.14518236518204256,4.258682712006582,0.0,0.7743059476375603,0.04839412172734752,2.5810198254585344,0.43554709554612764,0.0,0.2581019825458534,0.4678098433643593,0.2903647303640851,0.1290509912729267,1.0646706780016455,3.823135616460454,2.4358374602764914,1.1775902953654562,0.8549628171831395
E5,2017,6.678526685041343,3.9884740666499625,13.039839639188173,41.149645210339585,0.6102714457678662,0.15072145843892548,0.1616739419665484,0.05009503294475419,0.027775532184490623,0.08693883046122655,0.21627908008109478,0.20955106436898124,0.4872310250886974,0.0920273061327927,0.0,0.04751647237709073,3.120248352762291,0.04751647237709073,0.855296502787633,0.06335529650278764,0.0,0.0,1.7897871262037508,0.9503294475418145,0.2692600101368474,0.2692600101368474,2.2807906741003547,0.06335529650278764,0.06335529650278764,0.0,0.5385200202736948,0.3326153066396351,1.599721236695388,0.0,1.5046882919412063,0.0,0.01583882412569691,0.01583882412569691,0.0,5.115940192600101,2.296629498226052,0.11087176887987836,5.93955904713634,0.09503294475418146,0.15838824125696907,0.04751647237709073,0.0,7.840217942219969,1.5046882919412063,8.473770907247847,0.04751647237709073,0.12671059300557527,3.3419918905220474,0.01583882412569691,1.0770400405473897,0.01583882412569691,3.0885707045108974,0.3959706031424227,0.0,0.174227065382666,0.47516472377090724,0.28509883426254434,0.11087176887987836,1.2512671059300557,2.9935377597567157,2.787633046122656,0.8077800304105422,0.8077800304105422
E5,2018,6.398634984833165,3.883215369059656,12.967896865520729,41.146839566497526,0.5990710706007643,0.1544303075862933,0.16480996679822088,0.05244562425609221,0.028779740650253714,0.08733922195076113,0.20011896260101486,0.20850883292614172,0.5035696924137067,0.09021515379314665,0.0,0.01566121656330264,4.040593873332081,0.04698364968990791,0.6734323122220134,0.04698364968990791,0.0,0.0,1.2685585416275136,0.5951262294055002,0.31322433126605276,0.2192570318862369,1.9576520704128295,0.06264486625321056,0.04698364968990791,0.0,0.4854977134623818,0.4228528472091712,1.5817828728935663,0.0,1.5191380066403557,0.0,0.01566121656330264,0.0,0.0,4.3381569880348305,1.9733132869761325,0.23491824844953957,5.356136064649502,0.18793459875963164,0.2035958153229343,0.03132243312660528,0.0,8.206477479170582,1.2372361085009085,8.002881663847647,0.04698364968990791,0.07830608281651319,3.8056756248825407,0.04698364968990791,0.8613669109816451,0.0,3.836998058009146,0.26624068157614483,0.01566121656330264,0.2192570318862369,0.4385140637724738,0.18793459875963164,0.04698364968990791,2.239553968552277,2.537117083255027,2.9599699304641987,0.6107874459688029,0.6734323122220134
E5,2019,6.6174386920980925,3.8888283378746595,13.349318801089918,41.38273403937243,0.5960503721654838,0.15554196106818574,0.16619423418886808,0.05137890065620722,0.030889687947503425,0.0777553936456481,0.20197601775064125,0.20650359576376542,0.5127649928399453,0.07953476954065494,0.0,0.0,3.414795348324862,0.01573638409366296,0.7868192046831479,0.047209152280988875,0.0,0.0,0.739610052402159,0.4878279069035517,0.45635513871622574,0.09441830456197775,1.1959651911183848,0.03147276818732592,0.03147276818732592,0.0,0.5035642909972147,0.14162745684296663,2.328984845862118,0.0,1.5736384093662958,0.0,0.0,0.0,0.0,5.397579744126395,2.23456654130014,0.17310022503029254,5.287425055470754,0.14162745684296663,0.14162745684296663,0.0,0.0,7.584937133145545,1.463483720710655,7.223000298991298,0.0,0.07868192046831479,3.194485971013581,0.047209152280988875,0.5193006750908776,0.0,2.8325491368593325,0.2675185295922703,0.0,0.0,0.4091459864352369,0.15736384093662958,0.07868192046831479,1.2746471115866995,2.2188301572064772,2.7538672163910176,0.8340283569641368,0.09441830456197775
E5,2020,6.65445321307779,3.9038895152198423,12.584836527621196,41.35353011633058,0.5636757346547,0.15369781941687038,0.17953761464879323,0.05726726500073835,0.04682156627889806,0.07498254220880438,0.16769704825504128,0.20460744581357576,0.5433560962803747,0.07808960244146552,0.0,0.01640769849213251,2.2642623919142864,0.2133000803977226,0.7383464321459628,0.08203849246066254,0.0,0.0,0.935238814051553,0.4266001607954452,0.3609693668269152,0.16407698492132508,1.000869608020083,0.04922309547639753,0.01640769849213251,0.06563079396853004,0.4922309547639752,0.2461154773819876,7.793656783762941,0.0,1.6079544522289857,0.0,0.0,0.0,0.0,5.6770636782778485,2.001739216040166,0.2297077788898551,5.808325266214908,0.09844619095279505,0.1804846834134576,0.01640769849213251,0.0,4.036293829064597,1.033685005004348,6.038033045104763,0.0,0.06563079396853004,1.804846834134576,0.04922309547639753,0.16407698492132508,0.0,2.3955239798513466,0.29533857285838516,0.0,0.2461154773819876,0.2461154773819876,0.08203849246066254,0.1968923819055901,1.0500927034964807,2.165816200961491,1.4274697688155282,1.0172773065122156,0.0
